{
  "n_paragraphs": 389,
  "n_files": 4,
  "mean_features": {
    "mean_sentence_length": 27.959237434944377,
    "std_sentence_length": 7.922104979673993,
    "cv_sentence_length": 0.300124937790771,
    "mean_word_length": 6.278218558765586,
    "comma_ratio": 0.04442185793974902,
    "semicolon_ratio": 0.00517576932690681,
    "colon_ratio": 0.009014303634950321,
    "paren_ratio": 0.0395105508823829,
    "emdash_ratio": 0.0015039753234501114,
    "function_word_ratio": 0.1558204072537275,
    "ttr": 0.7925133699528424,
    "hapax_ratio": 0.844039279799466,
    "passive_ratio": 0.26716661658821045,
    "words_per_paragraph": 92.80205655526993
  },
  "std_features": {
    "mean_sentence_length": 19.826234828528797,
    "std_sentence_length": 7.225804800746218,
    "cv_sentence_length": 0.20813923733879985,
    "mean_word_length": 0.6775751702013559,
    "comma_ratio": 0.037736723459344944,
    "semicolon_ratio": 0.010254598511918223,
    "colon_ratio": 0.016425564340185127,
    "paren_ratio": 0.04550961106629417,
    "emdash_ratio": 0.005456382953157698,
    "function_word_ratio": 0.048976984856904465,
    "ttr": 0.0945559640670623,
    "hapax_ratio": 0.07573105273358079,
    "passive_ratio": 0.3408613247136106,
    "words_per_paragraph": 66.71263159462066
  },
  "centroid": [
    -0.02877580188214779,
    -0.009729338809847832,
    0.03208556026220322,
    0.0062192268669605255,
    0.060747284442186356,
    -0.0412474162876606,
    -0.05291732773184776,
    0.03733896091580391,
    -0.024774855002760887,
    -0.0026491452008485794,
    -0.029078321531414986,
    -0.02946757711470127,
    0.0017435381887480617,
    -0.010371181182563305,
    -0.029037654399871826,
    -0.0013895878801122308,
    -0.00674189068377018,
    0.01255581621080637,
    -0.03727315738797188,
    0.015374301001429558,
    0.03691710904240608,
    0.021411681547760963,
    -0.03287782520055771,
    0.0070685395039618015,
    0.02085292339324951,
    0.008886782452464104,
    -0.0649905875325203,
    0.02054242230951786,
    0.02031119167804718,
    -0.03276308998465538,
    -0.02839765138924122,
    0.047928616404533386,
    -0.03541600704193115,
    -0.018914859741926193,
    0.015902750194072723,
    0.02064778469502926,
    -0.0014311918057501316,
    -0.018965696915984154,
    -0.02021864615380764,
    0.019057713449001312,
    -0.025864260271191597,
    0.0017679610755294561,
    0.04937056079506874,
    0.0017327768728137016,
    0.00891496054828167,
    0.009991947561502457,
    0.0063760061748325825,
    -0.03269578143954277,
    -0.045477598905563354,
    -0.010904735885560513,
    0.04426375776529312,
    -0.028447594493627548,
    0.015068409964442253,
    0.02182687819004059,
    -0.02120116539299488,
    0.01452404074370861,
    0.01823427714407444,
    -0.023997949436306953,
    0.018919043242931366,
    0.0035935051273554564,
    0.03604995086789131,
    -0.007508897688239813,
    -0.027390263974666595,
    -0.022930871695280075,
    0.08437904715538025,
    0.008876483887434006,
    -0.0019521653885021806,
    -0.03497127816081047,
    -0.00901056919246912,
    0.012649117968976498,
    -0.03166826441884041,
    0.006333530880510807,
    -0.011592257767915726,
    -0.011222036555409431,
    0.03215647116303444,
    0.012849409133195877,
    -0.031420279294252396,
    0.032799381762742996,
    0.02220170758664608,
    -0.048686206340789795,
    -0.010454417206346989,
    0.0017819361528381705,
    0.001963401911780238,
    -0.0711473599076271,
    -0.0046721696853637695,
    -0.014278975315392017,
    -0.0014296828303486109,
    0.02641451172530651,
    0.025874825194478035,
    0.021820083260536194,
    0.03787381201982498,
    0.018302222713828087,
    -0.06268452107906342,
    0.028201457113027573,
    0.008286003023386002,
    0.02955954149365425,
    -0.036613088101148605,
    -0.005716695450246334,
    -0.004232810344547033,
    0.012348905205726624,
    0.0026154478546231985,
    0.030171934515237808,
    0.003604385070502758,
    0.03161461651325226,
    0.006568813230842352,
    0.0002761428477242589,
    0.008186100982129574,
    0.026250628754496574,
    0.00114593212492764,
    0.03956662490963936,
    0.01710553839802742,
    0.008265647105872631,
    0.023946214467287064,
    -0.016276653856039047,
    -0.002376376884058118,
    -0.03011743165552616,
    -0.02152685821056366,
    0.00993749126791954,
    -0.01859043538570404,
    -0.03143017739057541,
    0.044329460710287094,
    -0.036420788615942,
    0.004842895548790693,
    0.0030245438683778048,
    0.028658997267484665,
    0.021823834627866745,
    -0.041684649884700775,
    3.3884047105734764e-33,
    0.0023479191586375237,
    0.016888882964849472,
    -0.01544991135597229,
    -0.015339088626205921,
    -0.023320453241467476,
    -0.03453221172094345,
    -0.016536589711904526,
    0.0347631461918354,
    -0.00018008438928518444,
    0.05409182980656624,
    -0.058353543281555176,
    0.05191650614142418,
    -0.044323619455099106,
    -0.009221997112035751,
    -0.009834179654717445,
    -0.023801540955901146,
    0.005763586610555649,
    0.012994751334190369,
    -0.02813640795648098,
    0.01124480739235878,
    0.010269463062286377,
    -0.025588173419237137,
    -0.0021892886143177748,
    -0.006519809365272522,
    0.047741882503032684,
    -0.04058113694190979,
    0.01064365915954113,
    -0.004294009413570166,
    -0.05668782815337181,
    0.025669874623417854,
    0.025073274970054626,
    0.007383530493825674,
    -0.015147012658417225,
    -0.017645148560404778,
    -0.0015410094056278467,
    -0.027258988469839096,
    0.01513750571757555,
    0.007401732262223959,
    -0.01694224774837494,
    -0.005493357311934233,
    0.04363405331969261,
    0.013405528850853443,
    0.03793682903051376,
    -0.009434311650693417,
    -0.011277515441179276,
    -0.029278749600052834,
    0.025876116007566452,
    0.004389699548482895,
    0.007525338791310787,
    -0.012110593728721142,
    -0.0074692703783512115,
    0.03337673097848892,
    -0.016331449151039124,
    0.021749695762991905,
    0.032149359583854675,
    0.0216603334993124,
    0.04471185430884361,
    -0.03038414940237999,
    -0.02046954818069935,
    0.0683056190609932,
    -0.03309527412056923,
    0.017821628600358963,
    0.0010649941395968199,
    -0.01448745746165514,
    0.029096130281686783,
    0.02369185909628868,
    -0.022823069244623184,
    0.022557228803634644,
    -0.014749563299119473,
    -0.008202394470572472,
    -0.018175778910517693,
    -0.007270336616784334,
    0.007778995670378208,
    0.022990837693214417,
    -0.021343354135751724,
    -0.05261785537004471,
    0.029065560549497604,
    0.02708541974425316,
    0.008974581956863403,
    0.006292199715971947,
    -0.06230156868696213,
    0.06140533834695816,
    -0.014064095914363861,
    -0.020769326016306877,
    -0.055042997002601624,
    -0.029084859415888786,
    0.012285822071135044,
    -0.03534967824816704,
    -0.03323299437761307,
    -0.03630244731903076,
    0.01096912007778883,
    -0.02287161350250244,
    0.016936156898736954,
    -0.010802067816257477,
    -0.02978474646806717,
    -3.398752734280559e-33,
    -0.012691064737737179,
    0.03238824009895325,
    -0.02287454530596733,
    0.056382063776254654,
    -0.010661948472261429,
    0.006643002852797508,
    0.02494126744568348,
    0.021332142874598503,
    0.009010255336761475,
    -0.015864599496126175,
    0.027222391217947006,
    0.005090258549898863,
    -0.029073787853121758,
    0.00470972154289484,
    0.04942106455564499,
    0.010892107151448727,
    -0.04942946135997772,
    -0.05855250731110573,
    0.0022217424120754004,
    0.0017203844618052244,
    0.06813596934080124,
    0.0017642283346503973,
    -0.004953453782945871,
    0.01990056410431862,
    -0.0009831034112721682,
    0.014593439176678658,
    -0.04364662244915962,
    -0.02277095429599285,
    -0.009170165285468102,
    -0.00018397504754830152,
    -0.03467145189642906,
